IFRS17_Programme Group,Reinsurance policy reference,Year,Focus Area,Currency,Value,Date of Fact,Entity
Marine TLO,R0208A02    ,2002,hull,GBP,9023,01/09/2023,2623
Marine TLO,R0208A02    ,2002,hull,CAD,72345,01/09/2023,2623
Marine TLO,R0208A01    ,2001,hull,GBP,2352,01/09/2023,2623
Marine TLO,R0208A01    ,2001,hull,CAD,853452,01/09/2023,2623
Marine TLO,R0208A00    ,2000,hull,GBP,1983,01/09/2023,623
Marine TLO,R0208A00    ,2000,hull,CAD,234351,01/09/2023,623
Marine TLO,R0208A99    ,1999,hull,USD,18852,01/09/2023,623
Marine TLO,R0208A99    ,1999,hull,GBP,6452,01/09/2023,623
Marine QS,R0532A06,2006,cargo,USD,75,01/09/2023,No Entity
Marine QS,R0532A05,2005,cargo,USD,296,01/09/2023,No Entity
Marine TLO,R0207A02,2002,hull,USD,19310,01/09/2023,3623
Marine TLO,R0207A01,2001,hull,USD,2744,01/09/2023,3623
GOMQS,R0584A09    ,2009,Energy Liab and Cas,USD,3576,01/09/2023,No Entity
GOMQS,R0584A09    ,2009,Energy Liab and Cas,GBP,269,01/09/2023,No Entity
GOMQS,R0584A09    ,2009,Energy PD,USD,210968,01/09/2023,No Entity
GOMQS,R0584A09    ,2009,Energy PD,GBP,8482,01/09/2023,No Entity
GOMQS,R0584A09    ,2009,Energy PD,CAD,358,01/09/2023,No Entity
GOMQS,R0584A09    ,2009,war,USD,862,01/09/2023,No Entity
GOMQS,R0584A06,2006,Energy Liab and Cas,USD,9119,01/09/2023,No Entity
GOMQS,R0584A06,2006,Energy PD,USD,705401,01/09/2023,No Entity
GOMQS,R0584A06,2006,war,USD,3518,01/09/2023,No Entity
Aviation XOL,R0847A14,2014,Aviation Liab,USD,10348.5718,01/09/2023,No Entity
Aviation XOL,R0847A14,2014,Aviation PD,USD,16578.53949,01/09/2023,No Entity
Aviation XOL,R0847A14,2014,Satellite,USD,72.88870998,01/09/2023,No Entity
SYMONS - Contingency QS,R0596A18,2018,Contingency,GBP,44027,01/09/2023,No Entity
SYMONS - Contingency QS,R0596A17,2017,Contingency,GBP,6364,01/09/2023,No Entity
SYMONS - Contingency QS,R0596A16,2016,Contingency,GBP,36192,01/09/2023,No Entity
SYMONS - Contingency QS,R0596A15,2015,Contingency,GBP,30316,01/09/2023,No Entity
SYMONS - Contingency QS,R0596A14,2014,Contingency,GBP,37889,01/09/2023,No Entity
SYMONS - Contingency QS,R0596A13,2013,Contingency,GBP,55914,01/09/2023,No Entity
SYMONS - Contingency QS,R0596A12,2012,Contingency,GBP,44413,01/09/2023,No Entity
SYMONS - Contingency QS,R0596A11,2011,Contingency,GBP,65976,01/09/2023,No Entity
SYMONS - Contingency QS,R0596A10,2010,Contingency,GBP,41993,01/09/2023,No Entity
SYMONS - Contingency QS,R0596A09    ,2009,Contingency,GBP,7819,01/09/2023,No Entity
SYMONS - Contingency QS,R0596A08    ,2008,Contingency,GBP,30616,01/09/2023,No Entity
SYMONS - Contingency QS,R0596A06    ,2006,Contingency,GBP,15798,01/09/2023,No Entity
GGLOBE - Contingency Surplus,R0664A10 ,2010,Contingency,GBP,20452,01/09/2023,No Entity
GGLOBE - Contingency Surplus,R0664A09    ,2009,Contingency,GBP,10561,01/09/2023,No Entity
OSCAR - Contingency QS,R0603A16,2016,Contingency,GBP,93507,01/09/2023,No Entity
OSCAR - Contingency QS,R0603A15,2015,Contingency,GBP,51909.9709,01/09/2023,No Entity
OSCAR - Contingency QS,R0603A15,2015,BUSA Contingency         ,GBP,4717.0291,01/09/2023,No Entity
OSCAR - Contingency QS,R0603A14,2014,Contingency,GBP,55034.1729,01/09/2023,No Entity
OSCAR - Contingency QS,R0603A14,2014,BUSA Contingency         ,GBP,1602.8271,01/09/2023,No Entity
OSCAR - Contingency QS,R0603A13,2013,Contingency,GBP,82689.3484,01/09/2023,No Entity
OSCAR - Contingency QS,R0603A13,2013,BUSA Contingency         ,GBP,3778.6516,01/09/2023,No Entity
OSCAR - Contingency QS,R0603A11,2011,Contingency,GBP,5559,01/09/2023,No Entity
OSCAR - Contingency QS,R0603A10    ,2010,Contingency,GBP,40945,01/09/2023,No Entity
OSCAR - Contingency QS,R0603A09    ,2009,Contingency,GBP,110378,01/09/2023,No Entity
OSCAR - Contingency QS,R0603A08    ,2008,Contingency,GBP,410099,01/09/2023,No Entity
OSCAR - Contingency QS,R0603A08    ,2008,SAT,GBP,82,01/09/2023,No Entity
OSCAR - Contingency QS,R0603A07    ,2007,Contingency,GBP,57474,01/09/2023,No Entity
MINIMU - Political Risks QS,R0404A21,2021,Political,USD,100647,01/09/2023,No Entity
MINIMU - Political Risks QS,R0404A20,2020,Political,USD,639031,01/09/2023,No Entity
MINIMU - Political Risks QS,R0404A19,2019,Political,USD,83479,01/09/2023,No Entity
MINIMU - Political Risks QS,R0404A18,2018,Political,USD,1190490,01/09/2023,No Entity
MINIMU - Political Risks QS,R0404A17,2017,Political,USD,774772,01/09/2023,No Entity
MINIMU - Political Risks QS,R0404A16,2016,Political,USD,1269200,01/09/2023,No Entity
MINIMU - Political Risks QS,R0404A15,2015,Political,USD,706197,01/09/2023,No Entity
MINIMU - Political Risks QS,R0404A13,2013,Political,USD,316787,01/09/2023,No Entity
MINIMU - Political Risks QS,R0404A12,2012,Political,USD,645229,01/09/2023,No Entity
MINIMU - Political Risks QS,R0404A11,2011,Political,USD,931404,01/09/2023,No Entity
MINIMU - Political Risks QS,R0404A10,2010,Political,USD,1137300,01/09/2023,No Entity
MINIMU - Political Risks QS,R0404A07,2007,Political,USD,300455,01/09/2023,No Entity
MINIMU - Political Risks QS,R0404A06,2006,Political,USD,1291759,01/09/2023,No Entity
MINIMU - Political Risks QS,R0404A05    ,2005,Political,USD,951692,01/09/2023,No Entity
MINIMU - Political Risks QS,R0404A04,2004,Political,USD,59085,01/09/2023,No Entity
Political Risks QS,R0286A01    ,2001,Political,USD,648991,01/09/2023,No Entity
Political Risks QS,R0514A05    ,2005,SAT,USD,1174624,01/09/2023,No Entity
Political Risks QS,R0514A05    ,2005,SAT,GBP,119818,01/09/2023,No Entity
Political Risks QS,R0514A05    ,2005,SAT,CAD,38093,01/09/2023,No Entity
Political Risks QS,R0514A05    ,2005,SAT,EUR,316418,01/09/2023,No Entity
Political Risks QS,R0514A04    ,2004,SAT,USD,984271,01/09/2023,No Entity
Political Risks QS,R0514A04    ,2004,SAT,GBP,121625,01/09/2023,No Entity
Political Risks QS,R0514A04    ,2004,SAT,CAD,32795,01/09/2023,No Entity
Political Risks QS,R0514A04    ,2004,SAT,EUR,279850,01/09/2023,No Entity
STORK Terror QS,R0661A08    ,2008,SAT,USD,87390,01/09/2023,No Entity
STORK Terror QS,R0661A08    ,2008,SAT,GBP,3588,01/09/2023,No Entity
STORK Terror QS,R0661A08    ,2008,SAT,CAD,11670,01/09/2023,No Entity
STORK Terror QS,R0661A08    ,2008,SAT,EUR,23952,01/09/2023,No Entity
STORK Terror QS,R0661B08    ,2008,SAT,USD,9173,01/09/2023,No Entity
DARGO - Contingency QS (Australia),R0805A11 ,2011,Contingency,GBP,873,01/09/2023,No Entity
Weather Contingency QS & Surplus,R0844A12,2012,Bici Contingency,USD,721,01/09/2023,No Entity
Terrorism QS,R0384A03    ,2003,SAT,GBP,429794,01/09/2023,No Entity
Terrorism QS,R0384A02    ,2002,SAT,GBP,335670,01/09/2023,No Entity
BFS Companion Fac Facility,R0724A09,2009,BUSA E&S MM,USD,27636,01/09/2023,No Entity
BFS QS,R0720A09,2009,BUSA E&S MM,USD,1253987,01/09/2023,No Entity
E&S Surplus,R0718A09,2009,BUSA E&S MM,USD,-68948,01/09/2023,No Entity
E&S Surplus,R0718A10,2010,BUSA E&S MM,USD,3726231.584,01/09/2023,No Entity
E&S Surplus,R0718A11,2011,BUSA E&S MM,USD,3969671,01/09/2023,No Entity
E&S Surplus,R0718A12,2012,BUSA E&S MM,USD,4954558,01/09/2023,No Entity
E&S Surplus,R0718A13,2013,BUSA E&S MM,USD,3710706,01/09/2023,No Entity
E&S Surplus,R0718A14,2014,BUSA E&S MM,USD,2198219,01/09/2023,No Entity
E&S Surplus,R0718A15,2015,BUSA E&S MM,USD,1595450,01/09/2023,No Entity
E&S Surplus,R0718A16,2016,BUSA E&S MM,USD,262092,01/09/2023,No Entity
US Boiler & Machinery,R0804A11,2011,BUSA E&S CP,USD,2317,01/09/2023,No Entity
US Boiler & Machinery,R0804A13,2013,BUSA E&S CP,USD,20560,01/09/2023,No Entity
US Boiler & Machinery,R0804A14,2014,BUSA E&S CP,USD,42736,01/09/2023,No Entity
US Boiler & Machinery,R0804A15,2015,BUSA E&S CP,USD,36720,01/09/2023,No Entity
US Boiler & Machinery,R0804A17,2017,BUSA E&S CP,USD,30262,01/09/2023,No Entity
US Boiler & Machinery,R0804A18,2018,BUSA E&S CP,USD,110382,01/09/2023,No Entity
Engineering Quota Share,R0510A04,2004,Engineering,USD,465272,01/09/2023,No Entity
BERTHA QS,R0169A04    ,2004,Open Market,GBP,281903,01/09/2023,No Entity
BERTHA QS,R0169A03,2003,Open Market,GBP,719237,01/09/2023,No Entity
BERTHA QS,R0169A02,2002,Open Market,GBP,509585,01/09/2023,No Entity
BERTHA QS,R0074Q97,1997,Open Market,GBP,16815,01/09/2023,No Entity
BERTHA QS,R0074Q95    ,1995,Open Market,GBP,30282,01/09/2023,No Entity
BERTHA QS,R0074Q94    ,1994,Open Market,GBP,24425,01/09/2023,No Entity
WESTFIELD QS,R0808A16,2016,Cat,USD,388199.448,01/09/2023,No Entity
WESTFIELD QS,R0808A16,2016,EX Cat,USD,85792.552,01/09/2023,No Entity
WESTFIELD QS,R0808A15,2015,Cat,USD,544785.7303,01/09/2023,No Entity
WESTFIELD QS,R0808A15,2015,EX Cat,USD,118051.2697,01/09/2023,No Entity
WESTFIELD QS,R0808A14,2014,Cat,USD,437152.0132,01/09/2023,No Entity
WESTFIELD QS,R0808A14,2014,EX Cat,USD,83514.9868,01/09/2023,No Entity
WESTFIELD QS,R0808A13,2013,Cat,USD,389701.2648,01/09/2023,No Entity
WESTFIELD QS,R0808A13,2013,EX Cat,USD,78239.7352,01/09/2023,No Entity
WESTFIELD QS,R0808A12,2012,Cat,USD,408698.168,01/09/2023,No Entity
WESTFIELD QS,R0808A12,2012,EX Cat,USD,77557.832,01/09/2023,No Entity
UNITED FIRE & CASUALTY QS,R0853A16,2016,Cat,USD,129021.165,01/09/2023,No Entity
UNITED FIRE & CASUALTY QS,R0853A16,2016,EX Cat,USD,28513.835,01/09/2023,No Entity
UNITED FIRE & CASUALTY QS,R0853A15,2015,Cat,USD,183868.8928,01/09/2023,No Entity
UNITED FIRE & CASUALTY QS,R0853A15,2015,EX Cat,USD,39843.1072,01/09/2023,No Entity
UNITED FIRE & CASUALTY QS,R0853A14,2014,Cat,USD,175274.896,01/09/2023,No Entity
UNITED FIRE & CASUALTY QS,R0853A14,2014,EX Cat,USD,33485.104,01/09/2023,No Entity
UNITED FIRE & CASUALTY QS,R0853A13,2013,Cat,USD,141223.7256,01/09/2023,No Entity
UNITED FIRE & CASUALTY QS,R0853A13,2013,EX Cat,USD,28353.2744,01/09/2023,No Entity
DOVE QS,R0926A16,2016,Cat,USD,653516.136,01/09/2023,No Entity
DOVE QS,R0926A16,2016,EX Cat,USD,144427.864,01/09/2023,No Entity
,R0039L96    ,1996,Legacy                   ,USD,37.49446378,01/09/2023,No Entity
,R0039L96    ,1996,PI-A&E exBLPT            ,USD,2578.160263,01/09/2023,No Entity
,R0039L96    ,1996,PI-Ins Brokers exBLPT    ,USD,824.9792803,01/09/2023,No Entity
,R0039L96    ,1996,PI-Lawyers exBLPT        ,USD,6655.256837,01/09/2023,No Entity
,R0039L96    ,1996,PI-Other exBLPT          ,USD,558.9515685,01/09/2023,No Entity
,R0039L96    ,1996,Specialty (PT)           ,USD,629.1575876,01/09/2023,No Entity
,R0039L95    ,1995,DIN US Lawyers           ,USD,-157.8593742,01/09/2023,No Entity
,R0039L95    ,1995,DIN US Lawyers           ,GBP,-3.293355048,01/09/2023,No Entity
,R0039L95    ,1995,PI-A&E exBLPT            ,USD,-1352.530862,01/09/2023,No Entity
,R0039L95    ,1995,PI-A&E exBLPT            ,GBP,-28.21729382,01/09/2023,No Entity
,R0039L95    ,1995,PI-Ins Brokers exBLPT    ,USD,-458.3428816,01/09/2023,No Entity
,R0039L95    ,1995,PI-Ins Brokers exBLPT    ,GBP,-9.562218592,01/09/2023,No Entity
,R0039L95    ,1995,PI-Lawyers exBLPT        ,USD,-2377.932414,01/09/2023,No Entity
,R0039L95    ,1995,PI-Lawyers exBLPT        ,GBP,-49.60982368,01/09/2023,No Entity
,R0039L95    ,1995,PI-Other exBLPT          ,USD,-232.3184227,01/09/2023,No Entity
,R0039L95    ,1995,PI-Other exBLPT          ,GBP,-4.846763484,01/09/2023,No Entity
,R0039L95    ,1995,Specialty (PT)           ,USD,-54.58906082,01/09/2023,No Entity
,R0039L95    ,1995,Specialty (PT)           ,GBP,-1.138869072,01/09/2023,No Entity
,R0039L95    ,1995,Specialty exPT           ,USD,-15.42157405,01/09/2023,No Entity
,R0039L95    ,1995,Specialty exPT           ,GBP,-0.321733942,01/09/2023,No Entity
,R0039L95    ,1995,US PE London             ,USD,-336.0054105,01/09/2023,No Entity
,R0039L95    ,1995,US PE London             ,GBP,-7.009942365,01/09/2023,No Entity
,R0039L94    ,1994,DIN US Lawyers           ,USD,-45.89238037,01/09/2023,No Entity
,R0039L94    ,1994,DIN US Lawyers           ,GBP,-0.98119027,01/09/2023,No Entity
,R0039L94    ,1994,Healthcare               ,USD,-63.9974884,01/09/2023,No Entity
,R0039L94    ,1994,Healthcare               ,GBP,-1.36828189,01/09/2023,No Entity
,R0039L94    ,1994,International            ,USD,-192.2701007,01/09/2023,No Entity
,R0039L94    ,1994,International            ,GBP,-4.110781584,01/09/2023,No Entity
,R0039L94    ,1994,Legacy                   ,USD,-12.48555421,01/09/2023,No Entity
,R0039L94    ,1994,Legacy                   ,GBP,-0.26694419,01/09/2023,No Entity
,R0039L94    ,1994,PI-A&E exBLPT            ,USD,-2027.581478,01/09/2023,No Entity
,R0039L94    ,1994,PI-A&E exBLPT            ,GBP,-43.35018586,01/09/2023,No Entity
,R0039L94    ,1994,PI-Ins Brokers exBLPT    ,USD,-402.7652558,01/09/2023,No Entity
,R0039L94    ,1994,PI-Ins Brokers exBLPT    ,GBP,-8.611219272,01/09/2023,No Entity
,R0039L94    ,1994,PI-Lawyers exBLPT        ,USD,-3681.940012,01/09/2023,No Entity
,R0039L94    ,1994,PI-Lawyers exBLPT        ,GBP,-78.72077428,01/09/2023,No Entity
,R0039L94    ,1994,PI-Other exBLPT          ,USD,-436.5826171,01/09/2023,No Entity
,R0039L94    ,1994,PI-Other exBLPT          ,GBP,-9.334242692,01/09/2023,No Entity
,R0039L94    ,1994,Specialty (PT)           ,USD,-74.60188722,01/09/2023,No Entity
,R0039L94    ,1994,Specialty (PT)           ,GBP,-1.59500652,01/09/2023,No Entity
,R0039L94    ,1994,TMB UK Tech              ,USD,-17.27784277,01/09/2023,No Entity
,R0039L94    ,1994,TMB UK Tech              ,GBP,-0.369404487,01/09/2023,No Entity
,R0039L94    ,1994,US PE London             ,USD,-434.6053834,01/09/2023,No Entity
,R0039L94    ,1994,US PE London             ,GBP,-9.291968954,01/09/2023,No Entity
,R0039L93    ,1993,DIN US Lawyers           ,USD,-112.8655266,01/09/2023,No Entity
,R0039L93    ,1993,Healthcare               ,USD,-177.2433478,01/09/2023,No Entity
,R0039L93    ,1993,International            ,USD,-53.798057,01/09/2023,No Entity
,R0039L93    ,1993,Legacy                   ,USD,-214.7668821,01/09/2023,No Entity
,R0039L93    ,1993,PI-A&E exBLPT            ,USD,-4038.927927,01/09/2023,No Entity
,R0039L93    ,1993,PI-Ins Brokers exBLPT    ,USD,-2657.652403,01/09/2023,No Entity
,R0039L93    ,1993,PI-Lawyers exBLPT        ,USD,-9227.589123,01/09/2023,No Entity
,R0039L93    ,1993,PI-Other exBLPT          ,USD,-2502.212029,01/09/2023,No Entity
,R0039L93    ,1993,Specialty (PT)           ,USD,-235.8756514,01/09/2023,No Entity
,R0039L93    ,1993,Specialty exPT           ,USD,-1206.522833,01/09/2023,No Entity
,R0039L93    ,1993,TMB UK Tech              ,USD,-208.0619453,01/09/2023,No Entity
,R0039L93    ,1993,US PE London             ,USD,-480.4842749,01/09/2023,No Entity
,R0068B98    ,1998,D&O                      ,USD,-9501.129125,01/09/2023,No Entity
,R0068B98    ,1998,D&O                      ,GBP,-351.2870982,01/09/2023,No Entity
,R0068B98    ,1998,D&O                      ,CAD,-681.497364,01/09/2023,No Entity
,R0068B98    ,1998,International            ,USD,-60059.65316,01/09/2023,No Entity
,R0068B98    ,1998,International            ,GBP,-70444.03122,01/09/2023,No Entity
,R0068B98    ,1998,Legacy                   ,USD,-1000.321319,01/09/2023,No Entity
,R0068B98    ,1998,Legacy                   ,GBP,-812.0375698,01/09/2023,No Entity
,R0068B98    ,1998,PI-A&E exBLPT            ,USD,-9683.271291,01/09/2023,No Entity
,R0068B98    ,1998,PI-A&E exBLPT            ,GBP,-1162.494185,01/09/2023,No Entity
,R0068B98    ,1998,PI-BI exBLPT             ,USD,-196.0118581,01/09/2023,No Entity
,R0068B98    ,1998,PI-Ins Brokers exBLPT    ,USD,-1724.56266,01/09/2023,No Entity
,R0068B98    ,1998,PI-Ins Brokers exBLPT    ,GBP,-1306.347212,01/09/2023,No Entity
,R0068B98    ,1998,PI-Lawyers exBLPT        ,USD,-26572.53451,01/09/2023,No Entity
,R0068B98    ,1998,PI-Lawyers exBLPT        ,GBP,-619.4124591,01/09/2023,No Entity
,R0068B98    ,1998,PI-Other exBLPT          ,USD,-6242.96291,01/09/2023,No Entity
,R0068B98    ,1998,PI-Other exBLPT          ,GBP,-3099.190645,01/09/2023,No Entity
,R0068B98    ,1998,Specialty (PT)           ,USD,-10678.3743,01/09/2023,No Entity
,R0068B98    ,1998,Specialty exPT           ,USD,-27644.08528,01/09/2023,No Entity
,R0068B98    ,1998,Specialty exPT           ,GBP,-772.423289,01/09/2023,No Entity
,R0068B98    ,1998,Specialty exPT           ,CAD,-2592.502636,01/09/2023,No Entity
,R0068B98    ,1998,UK,USD,-109.457969,01/09/2023,No Entity
,R0068B98    ,1998,UK,GBP,-11441.69146,01/09/2023,No Entity
,R0068B98    ,1998,US PE London             ,USD,-3089.635611,01/09/2023,No Entity
,R0068B98    ,1998,US PE London             ,GBP,-1659.084854,01/09/2023,No Entity
,R0068B97    ,1997,D&O                      ,USD,-30182.18042,01/09/2023,No Entity
,R0068B97    ,1997,D&O                      ,GBP,-941.1185443,01/09/2023,No Entity
,R0068B97    ,1997,Healthcare               ,USD,-239.3488825,01/09/2023,No Entity
,R0068B97    ,1997,International            ,USD,-45144.91014,01/09/2023,No Entity
,R0068B97    ,1997,International            ,GBP,-62333.25274,01/09/2023,No Entity
,R0068B97    ,1997,International            ,CAD,-10.16516415,01/09/2023,No Entity
,R0068B97    ,1997,Legacy                   ,USD,-591.7433747,01/09/2023,No Entity
,R0068B97    ,1997,Legacy                   ,GBP,-126.5920389,01/09/2023,No Entity
,R0068B97    ,1997,PI-A&E exBLPT            ,USD,-7570.543466,01/09/2023,No Entity
,R0068B97    ,1997,PI-A&E exBLPT            ,GBP,-1580.235492,01/09/2023,No Entity
,R0068B97    ,1997,PI-A&E exBLPT            ,CAD,-323.3593577,01/09/2023,No Entity
,R0068B97    ,1997,PI-Ins Brokers exBLPT    ,USD,-1565.517492,01/09/2023,No Entity
,R0068B97    ,1997,PI-Ins Brokers exBLPT    ,GBP,-2452.160597,01/09/2023,No Entity
,R0068B97    ,1997,PI-Lawyers exBLPT        ,USD,-56852.57127,01/09/2023,No Entity
,R0068B97    ,1997,PI-Lawyers exBLPT        ,GBP,-1144.133621,01/09/2023,No Entity
,R0068B97    ,1997,PI-Other exBLPT          ,USD,-8666.551444,01/09/2023,No Entity
,R0068B97    ,1997,PI-Other exBLPT          ,GBP,-10774.98162,01/09/2023,No Entity
,R0068B97    ,1997,PI-Other exBLPT          ,CAD,-533.7823655,01/09/2023,No Entity
,R0068B97    ,1997,Specialty exPT           ,USD,-27505.38806,01/09/2023,No Entity
,R0068B97    ,1997,Specialty exPT           ,GBP,-1114.627445,01/09/2023,No Entity
,R0068B97    ,1997,Specialty exPT           ,CAD,-27478.69311,01/09/2023,No Entity
,R0068B97    ,1997,UK,GBP,-3009.21318,01/09/2023,No Entity
,R0068B97    ,1997,US PE London             ,USD,-1271.245451,01/09/2023,No Entity
,R0068B97    ,1997,US PE London             ,GBP,-3086.684726,01/09/2023,No Entity
,R0068B96    ,1996,D&O                      ,USD,33082.00558,01/09/2023,No Entity
,R0068B96    ,1996,D&O                      ,GBP,333.3026139,01/09/2023,No Entity
,R0068B96    ,1996,Healthcare               ,USD,255.4568655,01/09/2023,No Entity
,R0068B96    ,1996,International            ,USD,105718.3078,01/09/2023,No Entity
,R0068B96    ,1996,International            ,GBP,40269.904,01/09/2023,No Entity
,R0068B96    ,1996,Legacy                   ,USD,748.4031707,01/09/2023,No Entity
,R0068B96    ,1996,Legacy                   ,GBP,642.2095298,01/09/2023,No Entity
,R0068B96    ,1996,PI-A&E exBLPT            ,USD,9722.181296,01/09/2023,No Entity
,R0068B96    ,1996,PI-A&E exBLPT            ,GBP,3496.52678,01/09/2023,No Entity
,R0068B96    ,1996,PI-Ins Brokers exBLPT    ,USD,3934.055142,01/09/2023,No Entity
,R0068B96    ,1996,PI-Ins Brokers exBLPT    ,GBP,6529.700722,01/09/2023,No Entity
,R0068B96    ,1996,PI-Lawyers exBLPT        ,USD,61734.66109,01/09/2023,No Entity
,R0068B96    ,1996,PI-Lawyers exBLPT        ,GBP,2420.723467,01/09/2023,No Entity
,R0068B96    ,1996,PI-Other exBLPT          ,USD,19497.62101,01/09/2023,No Entity
,R0068B96    ,1996,PI-Other exBLPT          ,GBP,7862.894947,01/09/2023,No Entity
,R0068B96    ,1996,Specialty exPT           ,USD,45995.40428,01/09/2023,No Entity
,R0068B96    ,1996,Specialty exPT           ,GBP,428.1419728,01/09/2023,No Entity
,R0068B96    ,1996,UK,USD,2777.301749,01/09/2023,No Entity
,R0068B96    ,1996,UK,GBP,1818.891283,01/09/2023,No Entity
,R0068B96    ,1996,US PE London             ,USD,4205.602009,01/09/2023,No Entity
,R0068B96    ,1996,US PE London             ,GBP,3376.704681,01/09/2023,No Entity
,R0068B95    ,1995,International            ,USD,3365.140318,01/09/2023,No Entity
,R0068B95    ,1995,International            ,GBP,28545.22063,01/09/2023,No Entity
,R0068B95    ,1995,Legacy                   ,USD,868.3837364,01/09/2023,No Entity
,R0068B95    ,1995,Legacy                   ,GBP,124.0647884,01/09/2023,No Entity
,R0068B95    ,1995,PI-A&E exBLPT            ,USD,12258.42838,01/09/2023,No Entity
,R0068B95    ,1995,PI-A&E exBLPT            ,GBP,3265.847393,01/09/2023,No Entity
,R0068B95    ,1995,PI-Ins Brokers exBLPT    ,USD,2278.138044,01/09/2023,No Entity
,R0068B95    ,1995,PI-Ins Brokers exBLPT    ,GBP,2576.496337,01/09/2023,No Entity
,R0068B95    ,1995,PI-Lawyers exBLPT        ,USD,31615.23649,01/09/2023,No Entity
,R0068B95    ,1995,PI-Lawyers exBLPT        ,GBP,1153.866529,01/09/2023,No Entity
,R0068B95    ,1995,PI-Other exBLPT          ,USD,2769.295718,01/09/2023,No Entity
,R0068B95    ,1995,PI-Other exBLPT          ,GBP,884.4229363,01/09/2023,No Entity
,R0068B95    ,1995,Specialty exPT           ,USD,8502.506124,01/09/2023,No Entity
,R0068B95    ,1995,Specialty exPT           ,GBP,216.1849844,01/09/2023,No Entity
,R0068B95    ,1995,TMB UK Tech              ,USD,320.1285606,01/09/2023,No Entity
,R0068B95    ,1995,UK,GBP,539.9082572,01/09/2023,No Entity
,R0068B95    ,1995,US PE London             ,USD,9358.742628,01/09/2023,No Entity
,R0068B95    ,1995,US PE London             ,GBP,4240.988145,01/09/2023,No Entity
,R0068B94    ,1994,DIN US Lawyers           ,USD,590.4224132,01/09/2023,No Entity
,R0068B94    ,1994,Healthcare               ,USD,744.5585874,01/09/2023,No Entity
,R0068B94    ,1994,International            ,USD,11404.73824,01/09/2023,No Entity
,R0068B94    ,1994,International            ,GBP,1072.182729,01/09/2023,No Entity
,R0068B94    ,1994,Legacy                   ,USD,573.8882821,01/09/2023,No Entity
,R0068B94    ,1994,Legacy                   ,GBP,73.74396296,01/09/2023,No Entity
,R0068B94    ,1994,PI-A&E exBLPT            ,USD,40779.855,01/09/2023,No Entity
,R0068B94    ,1994,PI-A&E exBLPT            ,GBP,517.3105549,01/09/2023,No Entity
,R0068B94    ,1994,PI-Ins Brokers exBLPT    ,USD,6358.053489,01/09/2023,No Entity
,R0068B94    ,1994,PI-Ins Brokers exBLPT    ,GBP,429.924099,01/09/2023,No Entity
,R0068B94    ,1994,PI-Lawyers exBLPT        ,USD,90450.11793,01/09/2023,No Entity
,R0068B94    ,1994,PI-Lawyers exBLPT        ,GBP,130.8624932,01/09/2023,No Entity
,R0068B94    ,1994,PI-Other exBLPT          ,USD,7416.798656,01/09/2023,No Entity
,R0068B94    ,1994,PI-Other exBLPT          ,GBP,112.3075678,01/09/2023,No Entity
,R0068B94    ,1994,Specialty exPT           ,USD,16034.38353,01/09/2023,No Entity
,R0068B94    ,1994,TMB UK Tech              ,USD,150.4592858,01/09/2023,No Entity
,R0068B94    ,1994,UK,GBP,179.5183241,01/09/2023,No Entity
,R0068B94    ,1994,US PE London             ,USD,26498.72458,01/09/2023,No Entity
,R0068B94    ,1994,US PE London             ,GBP,1884.150269,01/09/2023,No Entity
,R0068B93    ,1993,DIN US Lawyers           ,USD,74.23380979,01/09/2023,No Entity
,R0068B93    ,1993,Healthcare               ,USD,192.0750486,01/09/2023,No Entity
,R0068B93    ,1993,International            ,USD,59.15082525,01/09/2023,No Entity
,R0068B93    ,1993,Legacy                   ,USD,388.2632703,01/09/2023,No Entity
,R0068B93    ,1993,PI-A&E exBLPT            ,USD,14198.30109,01/09/2023,No Entity
,R0068B93    ,1993,PI-Ins Brokers exBLPT    ,USD,1672.186676,01/09/2023,No Entity
,R0068B93    ,1993,PI-Lawyers exBLPT        ,USD,21426.56393,01/09/2023,No Entity
,R0068B93    ,1993,PI-Lawyers exBLPT        ,CAD,-2,01/09/2023,No Entity
,R0068B93    ,1993,PI-Other exBLPT          ,USD,1284.639374,01/09/2023,No Entity
,R0068B93    ,1993,Specialty (PT)           ,USD,587.8274927,01/09/2023,No Entity
,R0068B93    ,1993,Specialty exPT           ,USD,3583.041176,01/09/2023,No Entity
,R0068B93    ,1993,TMB UK Tech              ,USD,541.2800146,01/09/2023,No Entity
,R0068B93    ,1993,US PE London             ,USD,6251.437294,01/09/2023,No Entity
OPPI,R0632A08    ,2008,BUSA SL,USD,1222734.375,01/09/2023,No Entity
SWORD D&O,R0535A10    ,2010,D&O                      ,USD,585601,01/09/2023,No Entity
MUNICH - Surplus and MUNICHQQS,,2004,D&O                      ,USD,8205.630391,01/09/2023,No Entity
MUNICH - Surplus and MUNICHQQS,,2004,DIN US Lawyers           ,USD,81599.41595,01/09/2023,No Entity
MUNICH - Surplus and MUNICHQQS,,2004,EPL                      ,USD,125491.2054,01/09/2023,No Entity
MUNICH - Surplus and MUNICHQQS,,2004,International            ,USD,131215.4086,01/09/2023,No Entity
MUNICH - Surplus and MUNICHQQS,,2004,PI-A&E exBLPT            ,USD,536345.8445,01/09/2023,No Entity
MUNICH - Surplus and MUNICHQQS,,2004,PI-BI exBLPT             ,USD,25776.42861,01/09/2023,No Entity
MUNICH - Surplus and MUNICHQQS,,2004,PI-Ins Brokers exBLPT    ,USD,109939.1435,01/09/2023,No Entity
MUNICH - Surplus and MUNICHQQS,,2004,PI-Lawyers exBLPT        ,USD,1064108.149,01/09/2023,No Entity
MUNICH - Surplus and MUNICHQQS,,2004,PI-Other exBLPT          ,USD,57853.25015,01/09/2023,No Entity
MUNICH - Surplus and MUNICHQQS,,2004,Recall                   ,USD,5181.349043,01/09/2023,No Entity
MUNICH - Surplus and MUNICHQQS,,2004,Specialty exPT           ,USD,78298.31198,01/09/2023,No Entity
MUNICH - Surplus and MUNICHQQS,,2004,TMB UK Tech              ,USD,761449.864,01/09/2023,No Entity
MUNICH - Surplus and MUNICHQQS,,2004,UK                       ,USD,455805.6146,01/09/2023,No Entity
MUNICH - Surplus and MUNICHQQS,,2004,US PE London             ,USD,209293.9208,01/09/2023,No Entity
MUNICH - Surplus and MUNICHQQS,,2004,Healthcare-Hospitals     ,USD,297166.319,01/09/2023,No Entity
MUNICH - Surplus and MUNICHQQS,,2004,Healthcare-Misc Med      ,USD,148700.8684,01/09/2023,No Entity
MUNICH - Surplus and MUNICHQQS,,2005,D&O                      ,USD,22562.43248,01/09/2023,No Entity
MUNICH - Surplus and MUNICHQQS,,2005,DIN US Lawyers           ,USD,354412.2079,01/09/2023,No Entity
MUNICH - Surplus and MUNICHQQS,,2005,EPL                      ,USD,211937.4951,01/09/2023,No Entity
MUNICH - Surplus and MUNICHQQS,,2005,Healthcare-Hospitals     ,USD,433349.0668,01/09/2023,No Entity
MUNICH - Surplus and MUNICHQQS,,2005,HML UK                   ,USD,-0.002858337,01/09/2023,No Entity
MUNICH - Surplus and MUNICHQQS,,2005,Healthcare-Misc Med,USD,240421.1328,01/09/2023,No Entity
MUNICH - Surplus and MUNICHQQS,,2005,International            ,USD,260333.3501,01/09/2023,No Entity
MUNICH - Surplus and MUNICHQQS,,2005,Legacy                   ,USD,-0.001144284,01/09/2023,No Entity
MUNICH - Surplus and MUNICHQQS,,2005,PI-A&E exBLPT            ,USD,807284.2168,01/09/2023,No Entity
MUNICH - Surplus and MUNICHQQS,,2005,PI-BI exBLPT             ,USD,108999.8986,01/09/2023,No Entity
MUNICH - Surplus and MUNICHQQS,,2005,PI-Ins Brokers exBLPT    ,USD,175925.1635,01/09/2023,No Entity
MUNICH - Surplus and MUNICHQQS,,2005,PI-Lawyers exBLPT        ,USD,1828133.984,01/09/2023,No Entity
MUNICH - Surplus and MUNICHQQS,,2005,PI-Other exBLPT          ,USD,81336.00156,01/09/2023,No Entity
MUNICH - Surplus and MUNICHQQS,,2005,Recall                   ,USD,20404.43616,01/09/2023,No Entity
MUNICH - Surplus and MUNICHQQS,,2005,Specialty (PT)           ,USD,-3506.470988,01/09/2023,No Entity
MUNICH - Surplus and MUNICHQQS,,2005,Specialty exPT           ,USD,120861.6989,01/09/2023,No Entity
MUNICH - Surplus and MUNICHQQS,,2005,TMB UK Tech              ,USD,1693107.968,01/09/2023,No Entity
MUNICH - Surplus and MUNICHQQS,,2005,UK                       ,USD,513433.0628,01/09/2023,No Entity
MUNICH - Surplus and MUNICHQQS,,2005,US PE London             ,USD,406104.0294,01/09/2023,No Entity
MUNICH - Surplus and MUNICHQQS,,2005,Stand Alone Terrorism    ,USD,-4572.098097,01/09/2023,No Entity
MUNICH - Surplus and MUNICHQQS,,2005,Contingency Consortium   ,USD,-1.72E-05,01/09/2023,No Entity
MUNICH - Surplus and MUNICHQQS,,2005,Political                ,USD,-6.42E-07,01/09/2023,No Entity
MUNICH - Surplus and MUNICHQQS,,2005,Contingency              ,USD,-213.712446,01/09/2023,No Entity
MUNICH - Surplus and MUNICHQQS,,2005,BUSA A&E MM,USD,14018.042,01/09/2023,No Entity
MUNICH - Surplus and MUNICHQQS,,2005,BUSA A&E PE,USD,4874.697861,01/09/2023,No Entity
MUNICH - Surplus and MUNICHQQS,,2005,BUSA D&O MM,USD,2544.613072,01/09/2023,No Entity
MUNICH - Surplus and MUNICHQQS,,2005,BUSA EPL MM,USD,9104.747098,01/09/2023,No Entity
MUNICH - Surplus and MUNICHQQS,,2005,BUSA EPL PE,USD,1946.75982,01/09/2023,No Entity
MUNICH - Surplus and MUNICHQQS,,2005,BUSA TMB MM,USD,55663.07381,01/09/2023,No Entity
MUNICH - Surplus and MUNICHQQS,,2005,BUSA TMB PE,USD,867.9255379,01/09/2023,No Entity
MUNICH - Surplus and MUNICHQQS,,2005,BICI A&E MM,USD,903.6580738,01/09/2023,No Entity
MUNICH - Surplus and MUNICHQQS,,2005,BICI D&O MM,USD,1352.927694,01/09/2023,No Entity
MUNICH - Surplus and MUNICHQQS,,2005,BICI EPL MM,USD,4718.967649,01/09/2023,No Entity
MUNICH - Surplus and MUNICHQQS,,2005,BICI EPL PE,USD,465.2903866,01/09/2023,No Entity
MUNICH - Surplus and MUNICHQQS,,2005,BICI TMB PE,USD,229.3550601,01/09/2023,No Entity
MUNICH - Surplus and MUNICHQQS,,2005,BICI TMB US E&O,USD,215.0826034,01/09/2023,No Entity
MUNICH - Surplus and MUNICHQQS,,2006,DIN US Lawyers,USD,259761.3889,01/09/2023,No Entity
MUNICH - Surplus and MUNICHQQS,,2006,D&O,USD,-152.4247006,01/09/2023,No Entity
MUNICH - Surplus and MUNICHQQS,,2006,EPL ,USD,226030.4722,01/09/2023,No Entity
MUNICH - Surplus and MUNICHQQS,,2006,Healthcare-Hospitals       ,USD,410192.7316,01/09/2023,No Entity
MUNICH - Surplus and MUNICHQQS,,2006,HML UK,USD,-0.000145446,01/09/2023,No Entity
MUNICH - Surplus and MUNICHQQS,,2006,Healthcare-Misc Med,USD,211386.1284,01/09/2023,No Entity
MUNICH - Surplus and MUNICHQQS,,2006,International,USD,229799.395,01/09/2023,No Entity
MUNICH - Surplus and MUNICHQQS,,2006,Legacy                   ,USD,-18.64364558,01/09/2023,No Entity
MUNICH - Surplus and MUNICHQQS,,2006,PI-A&E exBLPT            ,USD,755032.5724,01/09/2023,No Entity
MUNICH - Surplus and MUNICHQQS,,2006,PI-BI exBLPT             ,USD,173322.0147,01/09/2023,No Entity
MUNICH - Surplus and MUNICHQQS,,2006,PI-Ins Brokers exBLPT    ,USD,119524.5947,01/09/2023,No Entity
MUNICH - Surplus and MUNICHQQS,,2006,PI-Lawyers exBLPT        ,USD,1887031.177,01/09/2023,No Entity
MUNICH - Surplus and MUNICHQQS,,2006,PI-Other exBLPT          ,USD,83745.10889,01/09/2023,No Entity
MUNICH - Surplus and MUNICHQQS,,2006,Recall                   ,USD,22273.69756,01/09/2023,No Entity
MUNICH - Surplus and MUNICHQQS,,2006,Specialty exPT           ,USD,100042.4987,01/09/2023,No Entity
MUNICH - Surplus and MUNICHQQS,,2006,TMB UK Tech              ,USD,1410850.136,01/09/2023,No Entity
MUNICH - Surplus and MUNICHQQS,,2006,UK                       ,USD,369699.4714,01/09/2023,No Entity
MUNICH - Surplus and MUNICHQQS,,2006,US PE London             ,USD,326658.8402,01/09/2023,No Entity
MUNICH - Surplus and MUNICHQQS,,2006,BICI A&E MM,USD,35249.94449,01/09/2023,No Entity
MUNICH - Surplus and MUNICHQQS,,2006,BICI A&E PE,USD,78583.43078,01/09/2023,No Entity
MUNICH - Surplus and MUNICHQQS,,2006,BICI D&O MM,USD,46414.02536,01/09/2023,No Entity
MUNICH - Surplus and MUNICHQQS,,2006,BICI EPL MM,USD,43588.22306,01/09/2023,No Entity
MUNICH - Surplus and MUNICHQQS,,2006,BICI EPL PE,USD,8525.112559,01/09/2023,No Entity
MUNICH - Surplus and MUNICHQQS,,2006,BICI TMB PE,USD,10307.87832,01/09/2023,No Entity
MUNICH - Surplus and MUNICHQQS,,2006,BICI TMB US E&O,USD,17827.72897,01/09/2023,No Entity
MUNICH - Surplus and MUNICHQQS,,2006,BUSA A&E MM,USD,37348.73828,01/09/2023,No Entity
MUNICH - Surplus and MUNICHQQS,,2006,BUSA A&E PE,USD,17472.05657,01/09/2023,No Entity
MUNICH - Surplus and MUNICHQQS,,2006,BUSA D&O MM,USD,12811.11266,01/09/2023,No Entity
MUNICH - Surplus and MUNICHQQS,,2006,BUSA EPL MM,USD,16278.71543,01/09/2023,No Entity
MUNICH - Surplus and MUNICHQQS,,2006,BUSA EPL PE,USD,2823.702984,01/09/2023,No Entity
MUNICH - Surplus and MUNICHQQS,,2006,BUSA TMB MM,USD,122482.4849,01/09/2023,No Entity
MUNICH - Surplus and MUNICHQQS,,2006,BUSA TMB PE,USD,2672.056153,01/09/2023,No Entity
MUNICH - Surplus and MUNICHQQS,,2010,BICI A&E MM,USD,36798.80328,01/09/2023,No Entity
MUNICH - Surplus and MUNICHQQS,,2010,BICI A&E PE,USD,61745.24165,01/09/2023,No Entity
MUNICH - Surplus and MUNICHQQS,,2010,BICI D&O MM,USD,38037.91539,01/09/2023,No Entity
MUNICH - Surplus and MUNICHQQS,,2010,BICI EPL MM,USD,23042.46173,01/09/2023,No Entity
MUNICH - Surplus and MUNICHQQS,,2010,BICI EPL PE,USD,3880.288002,01/09/2023,No Entity
MUNICH - Surplus and MUNICHQQS,,2010,BICI TMB PE,USD,22225.71465,01/09/2023,No Entity
MUNICH - Surplus and MUNICHQQS,,2010,BICI TMB US E&O,USD,37342.7289,01/09/2023,No Entity
MUNICH - Surplus and MUNICHQQS,,2010,BUSA A&E MM,USD,3552.385386,01/09/2023,No Entity
MUNICH - Surplus and MUNICHQQS,,2010,BUSA A&E PE,USD,221.2617738,01/09/2023,No Entity
MUNICH - Surplus and MUNICHQQS,,2010,BUSA D&O MM,USD,666.438541,01/09/2023,No Entity
MUNICH - Surplus and MUNICHQQS,,2010,BUSA EPL MM,USD,299.8433201,01/09/2023,No Entity
MUNICH - Surplus and MUNICHQQS,,2010,BUSA EPL PE,USD,11.48727216,01/09/2023,No Entity
MUNICH - Surplus and MUNICHQQS,,2010,BUSA TMB PE,USD,611.7002929,01/09/2023,No Entity
MUNICH - Surplus and MUNICHQQS,,2010,D&O,USD,16126.39058,01/09/2023,No Entity
MUNICH - Surplus and MUNICHQQS,,2010,DIN US Lawyers,USD,2021.605145,01/09/2023,No Entity
MUNICH - Surplus and MUNICHQQS,,2010,EPL,USD,7817.522038,01/09/2023,No Entity
MUNICH - Surplus and MUNICHQQS,,2010,Healthcare-Hospitals,USD,30448.0699,01/09/2023,No Entity
MUNICH - Surplus and MUNICHQQS,,2010,Healthcare-Misc Med,USD,8161.588914,01/09/2023,No Entity
MUNICH - Surplus and MUNICHQQS,,2010,International,USD,6311.514113,01/09/2023,No Entity
MUNICH - Surplus and MUNICHQQS,,2010,PI-A&E exBLPT,USD,41930.70097,01/09/2023,No Entity
MUNICH - Surplus and MUNICHQQS,,2010,PI-BI exBLPT,USD,382.5047833,01/09/2023,No Entity
MUNICH - Surplus and MUNICHQQS,,2010,PI-Ins Brokers exBLPT,USD,100.1342603,01/09/2023,No Entity
MUNICH - Surplus and MUNICHQQS,,2010,PI-Other exBLPT,USD,4325.1842,01/09/2023,No Entity
MUNICH - Surplus and MUNICHQQS,,2010,TMB UK Tech,USD,77674.06493,01/09/2023,No Entity
MUNICH - Surplus and MUNICHQQS,,2010,UK,USD,4461.185549,01/09/2023,No Entity
MUNICH - Surplus and MUNICHQQS,,2010,US PE London,USD,10808.81259,01/09/2023,No Entity
MUNICH - Surplus and MUNICHQQS,,2010,TMB MM,USD,126.1618035,01/09/2023,No Entity
MUNICH - Surplus and MUNICHQQS,,2010,BUSA Beazley Healthcare,USD,17584.77974,01/09/2023,No Entity
MUNICH - Surplus and MUNICHQQS,,2010,BUSA TMB US E&O,USD,2.767109988,01/09/2023,No Entity
MUNICH - Surplus and MUNICHQQS,,2010,BUSA Healthcare MM,USD,2627.214599,01/09/2023,No Entity
MUNICH - Surplus and MUNICHQQS,,2010,BUSA TMB MM,USD,30911.4958,01/09/2023,No Entity
MUNICH - Surplus and MUNICHQQS,,2010,BICI BEAZLEY HEALTHCARE,USD,5923.244715,01/09/2023,No Entity
MUNICH - Surplus and MUNICHQQS,,2010,Healthcare Large Risk Int,USD,157.1546728,01/09/2023,No Entity
MUNICH - Surplus and MUNICHQQS,,2010,BICI US PROGRAMMES,USD,3727.96101,01/09/2023,No Entity
MUNICH - Surplus and MUNICHQQS,,2011,BICI A&E MM,USD,46437.69977,01/09/2023,No Entity
MUNICH - Surplus and MUNICHQQS,,2011,BICI A&E PE,USD,8306.848409,01/09/2023,No Entity
MUNICH - Surplus and MUNICHQQS,,2011,BICI D&O MM,USD,87641.78895,01/09/2023,No Entity
MUNICH - Surplus and MUNICHQQS,,2011,BICI EPL MM,USD,21210.90135,01/09/2023,No Entity
MUNICH - Surplus and MUNICHQQS,,2011,BICI EPL PE,USD,2116.768464,01/09/2023,No Entity
MUNICH - Surplus and MUNICHQQS,,2011,BICI TMB PE,USD,20016.34698,01/09/2023,No Entity
MUNICH - Surplus and MUNICHQQS,,2011,BICI TMB US E&O,USD,107871.7092,01/09/2023,No Entity
MUNICH - Surplus and MUNICHQQS,,2011,BUSA A&E MM,USD,42529.13034,01/09/2023,No Entity
MUNICH - Surplus and MUNICHQQS,,2011,BUSA A&E PE,USD,394.9567524,01/09/2023,No Entity
MUNICH - Surplus and MUNICHQQS,,2011,BUSA D&O MM,USD,2610.330908,01/09/2023,No Entity
MUNICH - Surplus and MUNICHQQS,,2011,BUSA EPL MM,USD,2179.39752,01/09/2023,No Entity
MUNICH - Surplus and MUNICHQQS,,2011,BUSA EPL PE,USD,55.25984351,01/09/2023,No Entity
MUNICH - Surplus and MUNICHQQS,,2011,BUSA TMB PE,USD,8454.452213,01/09/2023,No Entity
MUNICH - Surplus and MUNICHQQS,,2011,D&O,USD,66419.40182,01/09/2023,No Entity
MUNICH - Surplus and MUNICHQQS,,2011,DIN US Lawyers,USD,17369.26578,01/09/2023,No Entity
MUNICH - Surplus and MUNICHQQS,,2011,EPL,USD,85557.86522,01/09/2023,No Entity
MUNICH - Surplus and MUNICHQQS,,2011,BUSA TMB MM,USD,244623.3432,01/09/2023,No Entity
MUNICH - Surplus and MUNICHQQS,,2011,Healthcare-Hospitals,USD,308756.7692,01/09/2023,No Entity
MUNICH - Surplus and MUNICHQQS,,2011,BUSA Crime,USD,6073.490256,01/09/2023,No Entity
MUNICH - Surplus and MUNICHQQS,,2011,Healthcare Management Liability Package Policy,USD,1561.846939,01/09/2023,No Entity
MUNICH - Surplus and MUNICHQQS,,2011,BICI US PROGRAMMES,USD,3643.729161,01/09/2023,No Entity
MUNICH - Surplus and MUNICHQQS,,2011,Healthcare-Misc Med,USD,65583.45998,01/09/2023,No Entity
MUNICH - Surplus and MUNICHQQS,,2011,HML UK,USD,230.0850314,01/09/2023,No Entity
MUNICH - Surplus and MUNICHQQS,,2011,International,USD,51759.90233,01/09/2023,No Entity
MUNICH - Surplus and MUNICHQQS,,2011,PI-A&E exBLPT,USD,300454.6392,01/09/2023,No Entity
MUNICH - Surplus and MUNICHQQS,,2011,PI-BI exBLPT,USD,2546.246148,01/09/2023,No Entity
MUNICH - Surplus and MUNICHQQS,,2011,PI-Ins Brokers exBLPT,USD,5462.207872,01/09/2023,No Entity
MUNICH - Surplus and MUNICHQQS,,2011,PI-Other exBLPT,USD,3781.171627,01/09/2023,No Entity
MUNICH - Surplus and MUNICHQQS,,2011,TMB UK Tech,USD,599012.0979,01/09/2023,No Entity
MUNICH - Surplus and MUNICHQQS,,2011,UK,USD,29571.46033,01/09/2023,No Entity
MUNICH - Surplus and MUNICHQQS,,2011,US PE London,USD,101545.7754,01/09/2023,No Entity
MUNICH - Surplus and MUNICHQQS,,2011,TMB Large Risk Int,USD,96235.95268,01/09/2023,No Entity
MUNICH - Surplus and MUNICHQQS,,2011,D&O Large Risk Int,USD,31025.47544,01/09/2023,No Entity
MUNICH - Surplus and MUNICHQQS,,2011,Crime,USD,3795.166452,01/09/2023,No Entity
MUNICH - Surplus and MUNICHQQS,,2011,TMB MM,USD,127.6060173,01/09/2023,No Entity
MUNICH - Surplus and MUNICHQQS,,2011,BUSA Beazley Healthcare,USD,14930.25142,01/09/2023,No Entity
MUNICH - Surplus and MUNICHQQS,,2011,BUSA TMB US E&O,USD,35155.04629,01/09/2023,No Entity
MUNICH - Surplus and MUNICHQQS,,2011,BUSA Healthcare MM,USD,37140.67943,01/09/2023,No Entity
MUNICH - Surplus and MUNICHQQS,,2011,BUSA Commercial Crime,USD,447.3342108,01/09/2023,No Entity
MUNICH - Surplus and MUNICHQQS,,2011,BUSA Healthcare ML,USD,467.2509096,01/09/2023,No Entity
MUNICH - Surplus and MUNICHQQS,,2011,BICI CommercialCrime,USD,1575.389916,01/09/2023,No Entity
MUNICH - Surplus and MUNICHQQS,,2011,BICI BEAZLEY HEALTHCARE,USD,2824.654925,01/09/2023,No Entity
MUNICH - Surplus and MUNICHQQS,,2011,BICI Healthcare ML,USD,3804.060159,01/09/2023,No Entity
MUNICH - Surplus and MUNICHQQS,,2011,Healthcare Large Risk Int,USD,29776.924,01/09/2023,No Entity
MUNICH - Surplus and MUNICHQQS,,2012,BICI A&E MM,USD,85463.30959,01/09/2023,No Entity
MUNICH - Surplus and MUNICHQQS,,2012,BICI A&E PE,USD,14937.41012,01/09/2023,No Entity
MUNICH - Surplus and MUNICHQQS,,2012,BICI D&O MM,USD,56082.33858,01/09/2023,No Entity
MUNICH - Surplus and MUNICHQQS,,2012,BICI EPL MM,USD,36682.83588,01/09/2023,No Entity
MUNICH - Surplus and MUNICHQQS,,2012,BICI EPL PE,USD,3197.838993,01/09/2023,No Entity
MUNICH - Surplus and MUNICHQQS,,2012,BICI TMB PE,USD,49298.39073,01/09/2023,No Entity
MUNICH - Surplus and MUNICHQQS,,2012,BICI TMB US E&O,USD,70830.7645,01/09/2023,No Entity
MUNICH - Surplus and MUNICHQQS,,2012,BUSA A&E MM,USD,12142.83592,01/09/2023,No Entity
MUNICH - Surplus and MUNICHQQS,,2012,BUSA A&E PE,USD,75.51336228,01/09/2023,No Entity
MUNICH - Surplus and MUNICHQQS,,2012,BUSA D&O MM,USD,1312.946913,01/09/2023,No Entity
MUNICH - Surplus and MUNICHQQS,,2012,BUSA EPL MM,USD,831.9502526,01/09/2023,No Entity
MUNICH - Surplus and MUNICHQQS,,2012,BUSA EPL PE,USD,2.560800503,01/09/2023,No Entity
MUNICH - Surplus and MUNICHQQS,,2012,BUSA TMB PE,USD,948.7264396,01/09/2023,No Entity
MUNICH - Surplus and MUNICHQQS,,2012,D&O,USD,45623.04715,01/09/2023,No Entity
MUNICH - Surplus and MUNICHQQS,,2012,DIN US Lawyers,USD,3255.959619,01/09/2023,No Entity
MUNICH - Surplus and MUNICHQQS,,2012,EPL,USD,17806.5107,01/09/2023,No Entity
MUNICH - Surplus and MUNICHQQS,,2012,Healthcare-Hospitals,USD,62609.05245,01/09/2023,No Entity
MUNICH - Surplus and MUNICHQQS,,2012,Healthcare-Misc Med,USD,12023.97459,01/09/2023,No Entity
MUNICH - Surplus and MUNICHQQS,,2012,HML UK,USD,423.7221258,01/09/2023,No Entity
MUNICH - Surplus and MUNICHQQS,,2012,International,USD,9842.257545,01/09/2023,No Entity
MUNICH - Surplus and MUNICHQQS,,2012,PI-A&E exBLPT,USD,55406.36689,01/09/2023,No Entity
MUNICH - Surplus and MUNICHQQS,,2012,PI-Ins Brokers exBLPT,USD,148.8925324,01/09/2023,No Entity
MUNICH - Surplus and MUNICHQQS,,2012,PI-Other exBLPT,USD,565.2945987,01/09/2023,No Entity
MUNICH - Surplus and MUNICHQQS,,2012,TMB UK Tech,USD,74732.59251,01/09/2023,No Entity
MUNICH - Surplus and MUNICHQQS,,2012,UK,USD,2655.284092,01/09/2023,No Entity
MUNICH - Surplus and MUNICHQQS,,2012,US PE London,USD,18989.18572,01/09/2023,No Entity
MUNICH - Surplus and MUNICHQQS,,2012,TMB Large Risk Int,USD,14930.80999,01/09/2023,No Entity
MUNICH - Surplus and MUNICHQQS,,2012,Crime,USD,1859.678486,01/09/2023,No Entity
MUNICH - Surplus and MUNICHQQS,,2012,TMB MM,USD,22.25503179,01/09/2023,No Entity
MUNICH - Surplus and MUNICHQQS,,2012,BUSA TMB US E&O,USD,73594.74995,01/09/2023,No Entity
MUNICH - Surplus and MUNICHQQS,,2012,BUSA Healthcare MM,USD,4044.338235,01/09/2023,No Entity
MUNICH - Surplus and MUNICHQQS,,2012,BUSA CommercialCrime,USD,957.7659978,01/09/2023,No Entity
MUNICH - Surplus and MUNICHQQS,,2012,BUSA Healthcare ML,USD,700.5330976,01/09/2023,No Entity
MUNICH - Surplus and MUNICHQQS,,2012,BICI CommercialCrime,USD,4068.538458,01/09/2023,No Entity
MUNICH - Surplus and MUNICHQQS,,2012,BUSA Commercial Crime,USD,847.4082893,01/09/2023,No Entity
MUNICH - Surplus and MUNICHQQS,,2012,BICI Healthcare ML,USD,17666.74615,01/09/2023,No Entity
MUNICH - Surplus and MUNICHQQS,,2012,TMB PE Int,USD,72.82509876,01/09/2023,No Entity
MUNICH - Surplus and MUNICHQQS,,2012,TMB UK Info Sec,USD,25895.27303,01/09/2023,No Entity
MUNICH - Surplus and MUNICHQQS,,2012,BUSA TMB PE US Info Sec,USD,548.2922426,01/09/2023,No Entity
MUNICH - Surplus and MUNICHQQS,,2012,BUSA Misc Med PE,USD,27.48690212,01/09/2023,No Entity
MUNICH - Surplus and MUNICHQQS,,2012,BUSA Financial Crime,USD,266.9886338,01/09/2023,No Entity
MUNICH - Surplus and MUNICHQQS,,2012,BUSA TMB US Info Sec,USD,40820.05002,01/09/2023,No Entity
MUNICH - Surplus and MUNICHQQS,,2012,BICI TMB US Info Sec,USD,51287.8664,01/09/2023,No Entity
MUNICH - Surplus and MUNICHQQS,,2012,BICI Financial Crime,USD,2500.18068,01/09/2023,No Entity
MUNICH - Surplus and MUNICHQQS,,2012,BICI TMB PE US Info Sec,USD,810.7736638,01/09/2023,No Entity
MUNICH - Surplus and MUNICHQQS,,2012,BICI US PROGRAMMES,USD,9100.479299,01/09/2023,No Entity
MUNICH - Surplus and MUNICHQQS,,2012,PI-Lawyers exBLPT,USD,25.50302025,01/09/2023,No Entity
MUNICH - Surplus and MUNICHQQS,,2012,Healthcare Large Risk Int,USD,18254.42575,01/09/2023,No Entity
MUNICH - Surplus and MUNICHQQS,,2012,D&O Large Risk Int,USD,16969.73898,01/09/2023,No Entity
TMB PE Int QS,,2014,International            ,GBP,1355,01/09/2023,No Entity
TMB PE Int QS,,2014,TMB Large Risk Int       ,GBP,572,01/09/2023,No Entity
TMB PE Int QS,,2014,TMB PE Int               ,GBP,15240,01/09/2023,No Entity
TMB PE Int QS,,2016,TMB Large Risk Int       ,GBP,3.6696,01/09/2023,No Entity
TMB PE Int QS,,2016,TMB PE Int               ,GBP,413.3304,01/09/2023,No Entity
TRALIA,R0766A12,2012,REPS & WARRANTIES        ,USD,284122,01/09/2023,No Entity
TRALIA,R0766A13,2013,REPS & WARRANTIES        ,USD,371965,01/09/2023,No Entity
TRALIA,R0766A14,2014,REPS & WARRANTIES        ,USD,580284.7622,01/09/2023,No Entity
TRALIA,R0766A14,2014,BUSA Transaction Liab ,USD,25377.2378,01/09/2023,No Entity
TRALIA,R0766A15,2015,REPS & WARRANTIES        ,USD,384609.5584,01/09/2023,No Entity
TRALIA,R0766A15,2015,BUSA Transaction Liab ,USD,131229.4416,01/09/2023,No Entity
TRALIA,R0766A16,2016,REPS & WARRANTIES        ,USD,8673.7464,01/09/2023,No Entity
TRALIA,R0766A16,2016,BUSA Transaction Liab ,USD,285313.6884,01/09/2023,No Entity
TRALIA,R0766A16,2016,Intl R&W                 ,USD,363114.5652,01/09/2023,No Entity
TRALIA,R0766A18,2018,REPS & WARRANTIES        ,USD,71088.001,01/09/2023,No Entity
TRALIA,R0766A18,2018,BUSA Transaction Liab ,USD,257670.5164,01/09/2023,No Entity
TRALIA,R0766A18,2018,Intl R&W                 ,USD,297504.85,01/09/2023,No Entity
CUNA QS,R0957A17,2017,BICI BBR Services MM     ,USD,7693.202762,01/09/2023,No Entity
CUNA QS,R0957A17,2017,BICI BBR Services PE     ,USD,10113.04962,01/09/2023,No Entity
CUNA QS,R0957A17,2017,BICI TMB PE US Info Sec  ,USD,19995.80924,01/09/2023,No Entity
CUNA QS,R0957A17,2017,BICI TMB US Info Sec     ,USD,5321.864395,01/09/2023,No Entity
CUNA QS,R0957A17,2017,BICI US InfoSec MM BBR   ,USD,9889.371567,01/09/2023,No Entity
CUNA QS,R0957A17,2017,BUSA BBR Services MM     ,USD,26981.82397,01/09/2023,No Entity
CUNA QS,R0957A17,2017,BUSA BBR Services PE     ,USD,37999.78326,01/09/2023,No Entity
CUNA QS,R0957A17,2017,BUSA TMB PE US Info Sec  ,USD,190404.8055,01/09/2023,No Entity
CUNA QS,R0957A17,2017,BUSA TMB US Info Sec     ,USD,83220.64625,01/09/2023,No Entity
CUNA QS,R0957A17,2017,BUSA US InfoSec MM BBR   ,USD,64012.64347,01/09/2023,No Entity
CUNA QS,R0957A18,2018,BICI BBR Services MM,USD,7091.404647,01/09/2023,No Entity
CUNA QS,R0957A18,2018,BICI BBR Services PE,USD,9220.44739,01/09/2023,No Entity
CUNA QS,R0957A18,2018,BICI TMB PE US Info Sec,USD,24306.22096,01/09/2023,No Entity
CUNA QS,R0957A18,2018,BICI US InfoSec MM BBR,USD,18695.19028,01/09/2023,No Entity
CUNA QS,R0957A18,2018,BUSA BBR Services MM,USD,19377.43435,01/09/2023,No Entity
CUNA QS,R0957A18,2018,BUSA BBR Services PE,USD,25741.20304,01/09/2023,No Entity
CUNA QS,R0957A18,2018,BUSA TMB PE US Info Sec,USD,67974.39155,01/09/2023,No Entity
CUNA QS,R0957A18,2018,BUSA TMB US Info Sec,USD,587.6499574,01/09/2023,No Entity
CUNA QS,R0957A18,2018,BUSA US InfoSec MM BBR   ,USD,51085.05783,01/09/2023,No Entity
